"name","constituency","term_start","term_end","party","clean_name","stream"
"Constance, Countess MARKIEVICZ","Dublin, St Patrick's",1918-01-01,1922-01-01,"black","constancemarkievicz",1
"Nancy, Viscountess ASTOR, CH","Plymouth, Sutton",1919-01-01,1945-01-01,"blue","nancyastorch",2
"Mrs Margaret WINTRINGHAM","Lincolnshire, Louth",1921-01-01,1924-01-01,"black","margaretwintringham",3
"Mrs Mabel PHILIPSON","Berwick-upon-Tweed",1923-01-01,1929-01-01,"blue","mabelphilipson",1
"Katharine, Duchess of ATHOLL, DBE","Perth & Kinross, Kinross & Western",1923-01-01,1938-01-01,"blue","katharineduchessofatholldbe",4
"Rt Hon Margaret BONDFIELD, CH","Northampton",1923-01-01,1924-01-01,"red","margaretbondfieldch",5
"Miss Dorothea JEWSON","Norwich",1923-01-01,1924-01-01,"red","dorotheajewson",6
"Miss Arabella Susan LAWRENCE","East Ham, North",1923-01-01,1924-01-01,"red","arabellasusanlawrence",7
"Lady Vera TERRINGTON","Buckinghamshire, Wycombe",1923-01-01,1924-01-01,"black","veraterrington",8
"Rt Hon Ellen WILKINSON","Middlesbrough, East",1924-01-01,1931-01-01,"red","ellenwilkinson",3
"Rt Hon Margaret BONDFIELD, CH","Wallsend",1926-01-01,1931-01-01,"red","margaretbondfieldch",5
"Miss Arabella Susan LAWRENCE","East Ham, North",1926-01-01,1931-01-01,"red","arabellasusanlawrence",6
"Gwendolen, Countess of IVEAGH, CBE","Southend-on-Sea",1927-01-01,1935-01-01,"blue","gwendolenofiveaghcbe",7
"Hilda RUNCIMAN (later Viscountess)","Cornwall, St Ives",1928-01-01,1929-01-01,"black","hildarunciman(later)",8
"Mrs Florence DALTON","Durham, Bishop Auckland",1929-01-01,1929-01-01,"red","florencedalton",1
"Rt Hon Miss Jennie LEE (Mrs A Bevan)","Lanarkshire, Northern",1929-01-01,1931-01-01,"red","jennielee(abevan)",1
"Dr Ethel BENTHAM","Islington, East",1929-01-01,1931-01-01,"red","ethelbentham",8
"Mrs Mary HAMILTON,","Blackburn",1929-01-01,1931-01-01,"red","maryhamilton",9
"Lady Megan LLOYD GEORGE","Anglesey",1929-01-01,1951-01-01,"black","meganlloydgeorge",10
"Lady Cynthia MOSLEY","Stoke-on-Trent, Stoke",1929-01-01,1931-01-01,"red","cynthiamosley",11
"Dr Marion PHILLIPS","Sunderland",1929-01-01,1931-01-01,"red","marionphillips",12
"Miss Edith PICTON-TURBERVILL, OBE","Shropshire, The Wrekin",1929-01-01,1931-01-01,"red","edithpictonturbervillobe",13
"Miss Eleanor RATHBONE","Combined English Universities",1929-01-01,1946-01-01,"black","eleanorrathbone",14
"Lady Lucy NOEL-BUXTON","Norfolk, North",1930-01-01,1931-01-01,"red","lucynoelbuxton",15
"Mrs Leah MANNING","Islington, East",1931-01-01,1931-01-01,"red","leahmanning",1
"Mrs Thelma CAZALET-KEIR, CBE","Islington, East",1931-01-01,1945-01-01,"blue","thelmacazaletkeircbe",1
"Mrs Ida COPELAND","Stoke-on-Trent, Stoke",1931-01-01,1935-01-01,"blue","idacopeland",3
"Miss Marjorie GRAVES","Hackney, South",1931-01-01,1935-01-01,"blue","marjoriegraves",5
"Rt Hon Dame Florence HORSBURGH","Dundee",1931-01-01,1945-01-01,"blue","florencehorsburgh",6
"The Hon Mary PICKFORD, CBE","Hammersmith, North",1931-01-01,1934-01-01,"blue","marypickfordcbe",8
"Mrs Norah RUNGE, OBE","Bermondsey, Rotherhithe",1931-01-01,1935-01-01,"blue","norahrungeobe",9
"Mrs Helen SHAW, MBE","Lanarkshire, Bothwell",1931-01-01,1935-01-01,"blue","helenshawmbe",11
"Dame Irene WARD, CH","Wallsend",1931-01-01,1945-01-01,"blue","irenewardch",12
"Mrs Sarah WARD","Staffordshire, Cannock",1931-01-01,1935-01-01,"blue","sarahward",13
"Rt Hon Ellen WILKINSON","Jarrow",1935-01-01,1947-01-01,"red","ellenwilkinson",3
"Mrs Mavis TATE","Somerset, Frome",1935-01-01,1945-01-01,"blue","mavistate",5
"Frances, Viscountess DAVIDSON","Hertfordshire, Hemel Hempstead",1937-01-01,1959-01-01,"blue","francesdavidson",7
"Mrs Agnes HARDIE","Glasgow, Springburn",1937-01-01,1945-01-01,"red","agneshardie",8
"Mrs Beatrice WRIGHT","Cornwall, Bodmin",1941-01-01,1945-01-01,"blue","beatricewright",4
"Lady Violet APSLEY,","Bristol, Central",1943-01-01,1945-01-01,"blue","violetapsley",9
"Mrs Bessie BRADDOCK","Liverpool, Exchange",1945-01-01,1970-01-01,"red","bessiebraddock",1
"Miss Grace COLMAN","Tynemouth",1945-01-01,1950-01-01,"red","gracecolman",2
"Mrs Caroline GANLEY","Battersea, South",1945-01-01,1951-01-01,"red","carolineganley",4
"Mrs Barbara GOULD","Hendon, North",1945-01-01,1950-01-01,"red","barbaragould",5
"Rt Hon Miss Margaret HERBISON","Lanarkshire, North",1945-01-01,1970-01-01,"red","margaretherbison",6
"Mrs Lucy MIDDLETON","Plymouth, Sutton",1945-01-01,1951-01-01,"red","lucymiddleton",8
"Mrs Muriel NICHOL","Bradford, North",1945-01-01,1950-01-01,"red","murielnichol",9
"Mrs Florence PATON","Nottinghamshire, Rushcliffe",1945-01-01,1950-01-01,"red","florencepaton",11
"Mrs Mabel RIDEALGH","Ilford, North",1945-01-01,1950-01-01,"red","mabelridealgh",12
"Mrs Clarice SHAW","Ayrshire & Bute, Kilmarnock",1945-01-01,1946-01-01,"red","clariceshaw",13
"Mrs Edith WILLS","Birmingham, Duddeston",1945-01-01,1950-01-01,"red","edithwills",15
"Rt Hon Miss Jennie LEE (Mrs A Bevan)","Staffordshire, Cannock",1945-01-01,1970-01-01,"red","jennielee(abevan)",16
"Lady Lucy NOEL-BUXTON","Norwich",1945-01-01,1950-01-01,"red","lucynoelbuxton",17
"Mrs Leah MANNING","Essex, Epping",1945-01-01,1950-01-01,"red","leahmanning",18
"Mrs Jennie ADAMSON","Bexley",1945-01-01,1946-01-01,"red","jennieadamson",19
"Priscilla, Lady TWEEDSMUIR","Aberdeen, South",1946-01-01,1966-01-01,"blue","priscillatweedsmuir",13
"Mrs Alice CULLEN","Glasgow, Gorbals",1948-01-01,1969-01-01,"red","alicecullen",3
"Miss Elaine BURTON","Coventry, South",1950-01-01,1959-01-01,"red","elaineburton",2
"Mrs Eveline HILL","Manchester, Wythenshawe",1950-01-01,1964-01-01,"blue","evelinehill",5
"Rt Hon Dame Patricia HORNSBY-SMITH, DBE","Kent, Chislehurst",1950-01-01,1966-01-01,"blue","patriciahornsbysmithdbe",9
"Mrs Dorothy REES","Glamorgan, Barry",1950-01-01,1951-01-01,"red","dorothyrees",11
"Mrs Eirene WHITE","Flintshire, East",1950-01-01,1970-01-01,"red","eirenewhite",12
"Rt Hon Dame Florence HORSBURGH","Manchester, Moss-Side",1950-01-01,1959-01-01,"blue","florencehorsburgh",14
"Dame Irene WARD, CH","Tynemouth",1950-01-01,1974-02-01,"blue","irenewardch",15
"Rt Hon Barbara CASTLE","Blackburn East",1950-01-01,1955-01-01,"red","barbaracastle",17
"Mrs Freda CORBET","Camberwell, Peckham",1950-01-01,1974-01-01,"red","fredacorbet",18
"Mrs Jean MANN","Coatbridge and Airdire",1950-01-01,1959-01-01,"red","jeanmann",19
"Mrs Harriet SLATER","Stoke-on-Trent, North",1953-01-01,1966-01-01,"red","harrietslater",4
"Mrs Patricia FORD","Down, North",1953-01-01,1955-01-01,"black","patriciaford",8
"Dame Edith PITT, DBE","Birmingham, Edgbaston",1953-01-01,1966-01-01,"blue","edithpittdbe",10
"Mrs Lena JEGER","Holborn & St Pancras, South",1953-01-01,1959-01-01,"red","lenajeger",11
"Mrs Joyce BUTLER","Wood Green",1955-01-01,1979-01-01,"red","joycebutler",8
"The Hon Mrs Evelyn EMMET","East Sussex, East Grinstead",1955-01-01,1964-01-01,"blue","evelynemmet",17
"Mrs Patricia McLAUGHLIN","Belfast, West",1955-01-01,1964-01-01,"black","patriciamclaughlin",20
"Dame Joan VICKERS, DBE","Plymouth, Devonport",1955-01-01,1974-02-01,"blue","joanvickersdbe",21
"Rt Hon Dr Edith SUMMERSKILL, CH","Warrington",1955-01-01,1961-01-01,"red","edithsummerskillch",22
"Rt Hon Alice BACON, CBE","Leeds, South East",1955-01-01,1970-01-01,"red","alicebaconcbe",23
"Rt Hon Barbara CASTLE","Blackburn",1955-01-01,1979-01-01,"red","barbaracastle",24
"Miss Mervyn PIKE","Leicestershire, Melton",1956-01-01,1974-02-01,"blue","mervynpike",25
"Lady Muriel GAMMANS","Hornsey",1957-01-01,1966-01-01,"blue","murielgammans",26
"Lady Megan LLOYD GEORGE","Carmarthen",1957-01-01,1966-01-01,"black","meganlloydgeorge",27
"Mrs Mary McALISTER","Glasgow, Kelvingrove",1958-01-01,1959-01-01,"red","marymcalister",28
"Rt Hon Betty HARVIE ANDERSON OBE, TD","Renfrewshire, East",1959-01-01,1979-01-01,"blue","bettyharvieandersonobetd",2
"Rt Hon Margaret THATCHER","Finchley",1959-01-01,1992-01-01,"blue","margaretthatcher",7
"Miss Joan QUENNELL MBE","Petersfield",1960-01-01,1974-10-01,"blue","joanquennellmbe",11
"Mrs Anne KERR","Rochester & Chatham",1964-01-01,1970-01-01,"red","annekerr",5
"Mrs Margaret McKAY","Wandsworth, Clapham",1964-01-01,1970-01-01,"red","margaretmckay",14
"Mrs Renee SHORT","Wolverhampton, North-East",1964-01-01,1987-01-01,"red","reneeshort",17
"Dr the Hon Shirley SUMMERSKILL","Halifax",1964-01-01,1983-01-01,"red","theshirleysummerskill",19
"Mrs Lena JEGER","Holborn & St Pancras, South",1964-01-01,1979-01-01,"red","lenajeger",20
"Mrs Gwyneth DUNWOODY","Exeter",1966-01-01,1970-01-01,"red","gwynethdunwoody",4
"Dame Jill KNIGHT, DBE","Birmingham, Edgbaston",1966-01-01,1997-01-01,"blue","jillknightdbe",9
"Miss Joan LESTOR","Eton & Slough",1966-01-01,1983-01-01,"red","joanlestor",10
"Mrs Winifred EWING","Lanarkshire, Hamilton",1967-01-01,1970-01-01,"yellow","winifredewing",13
"Miss Bernadette DEVLIN","Mid-Ulster",1969-01-01,1974-02-01,"black","bernadettedevlin",3
"Dame Peggy FENNER, DBE","Rochester & Chatham",1970-01-01,1974-10-01,"blue","peggyfennerdbe",1
"Mrs Doris FISHER","Birmingham, Ladywood",1970-01-01,1974-02-01,"red","dorisfisher",4
"Miss Joan HALL","Keighley",1970-01-01,1974-02-01,"blue","joanhall",5
"Miss Mary HOLT","Preston, North",1970-01-01,1974-02-01,"blue","maryholt",6
"Dame Elaine KELLETT-BOWMAN, DBE","Lancaster",1970-01-01,1997-01-01,"blue","elainekellettbowmandbe",12
"Mrs Constance MONKS OBE","Chorley",1970-01-01,1974-02-01,"blue","constancemonksobe",13
"Rt Hon Sally OPPENHEIM","Gloucester",1970-01-01,1987-01-01,"blue","sallyoppenheim",14
"Rt Hon Dame Patricia HORNSBY-SMITH, DBE","Kent, Chislehurst",1970-01-01,1974-02-01,"blue","patriciahornsbysmithdbe",16
"Mrs Margo MACDONALD","Glasgow, Govan",1973-01-01,1974-02-01,"yellow","margomacdonald",22
"Mrs Gwyneth DUNWOODY","Crewe",1974-01-01,2008-01-01,"red","gwynethdunwoody",18
"Mrs Winifred EWING","Moray & Nairn",1974-01-01,1979-01-01,"yellow","winifredewing",23
"Rt Hon Lynda CHALKER","Wallasey",1974-02-01,1992-01-01,"blue","lyndachalker",3
"Mrs Maureen COLQUHOUN","Northampton, North",1974-02-01,1979-01-01,"red","maureencolquhoun",4
"Jo RICHARDSON","Barking",1974-02-01,1994-01-01,"red","jorichardson",5
"Audrey WISE","Coventry, South-West",1974-02-01,1979-01-01,"red","audreywise",6
"Rt Hon Shirley WILLIAMS","Hertford & Stevenage",1974-02-01,1979-01-01,"red","shirleywilliams",13
"Dame Janet FOOKES, DBE","Plymouth, Drake",1974-02-01,1997-01-01,"blue","janetfookesdbe",15
"Mrs Margaret BAIN","East Dunbartonshire",1974-10-01,1979-01-01,"yellow","margaretbain",1
"Mrs Helene HAYMAN","Welwyn & Hatfield",1974-10-01,1979-01-01,"red","helenehayman",11
"Rt Hon Dame Margaret BECKETT","Lincoln",1974-10-01,1979-01-01,"red","margaretbeckett",16
"Miss Joan MAYNARD","Sheffield, Brightside",1974-10-01,1987-01-01,"red","joanmaynard",21
"Mrs Millie MILLER","Ilford North",1974-10-01,1977-01-01,"red","milliemiller",22
"Rt Hon Ann TAYLOR","Bolton, West",1974-10-01,1983-01-01,"red","anntaylor",25
"Dr Oonagh McDONALD","Thurrock",1976-01-01,1987-01-01,"red","oonaghmcdonald",26
"Mrs Sheila FAITH","Belper",1979-01-01,1983-01-01,"blue","sheilafaith",1
"Miss Sheila WRIGHT","Birmingham, Handsworth",1979-01-01,1983-01-01,"red","sheilawright",2
"Dame Peggy FENNER, DBE","Medway",1979-01-01,1997-01-01,"blue","peggyfennerdbe",4
"Rt Hon Harriet HARMAN","Peckham",1982-01-01,1997-01-01,"red","harrietharman",6
"Mrs Helen McELHONE","Glasgow, Queen's Park",1982-01-01,1983-01-01,"red","helenmcelhone",8
"Mrs Edwina CURRIE","South Derbyshire",1983-01-01,1997-01-01,"blue","edwinacurrie",1
"Mrs Anna McCURLEY","Renfrew West & Inverclyde",1983-01-01,1987-01-01,"blue","annamccurley",2
"Mrs Elizabeth PEACOCK","Batley & Spen",1983-01-01,1997-01-01,"blue","elizabethpeacock",8
"Mrs Marion ROE","Broxbourne",1983-01-01,2005-01-01,"blue","marionroe",10
"Rt Hon Clare SHORT","Birmingham, Ladywood",1983-01-01,2010-01-01,"red","clareshort",11
"Mrs Ann WINTERTON","Congleton",1983-01-01,2010-01-01,"blue","annwinterton",13
"Rt Hon Dame Judith HART, DBE","Clydesdale",1983-01-01,1987-01-01,"red","judithhartdbe",16
"Rt Hon Dame Margaret BECKETT","Derby, South",1983-01-01,2020-01-01,"red","margaretbeckett",19
"Dame Angela RUMBOLD, DBE","Mitcham and Morden",1983-01-01,1997-01-01,"blue","angelarumbolddbe",20
"Rt Hon Virginia BOTTOMLEY","South West Surrey",1984-01-01,2005-01-01,"blue","virginiabottomley",22
"Rt Hon Ann CLWYD","Cynon Valley",1984-01-01,2020-01-01,"red","annclwyd",23
"Mrs Elizabeth SHIELDS","Ryedale",1986-01-01,1987-01-01,"black","elizabethshields",24
"Mrs Llin GOLDING","Newcastle-under-Lyme",1986-01-01,2001-01-01,"red","llingolding",25
"Mrs Rosie BARNES","Greenwich",1987-01-01,1992-01-01,"black","rosiebarnes",2
"Miss Diane ABBOTT","Hackney North & Stoke Newington",1987-01-01,2020-01-01,"red","dianeabbott",14
"Rt Hon Hilary ARMSTRONG","North West Durham",1987-01-01,2010-01-01,"red","hilaryarmstrong",16
"Mrs Maria FYFE","Glasgow, Maryhill",1987-01-01,2001-01-01,"red","mariafyfe",17
"Mrs Mildred GORDON","Bow & Poplar",1987-01-01,1997-01-01,"red","mildredgordon",21
"Mrs Teresa GORMAN","Billericay",1987-01-01,2001-01-01,"blue","teresagorman",24
"Mrs Maureen HICKS","Wolverhampton, North East",1987-01-01,1992-01-01,"blue","maureenhicks",26
"Mrs Alice MAHON","Halifax",1987-01-01,2005-01-01,"red","alicemahon",27
"Mrs Ray MICHIE","Argyll & Bute",1987-01-01,2001-01-01,"orange","raymichie",28
"Rt Hon Marjorie MOWLAM","Redcar",1987-01-01,2001-01-01,"red","marjoriemowlam",29
"Emma NICHOLSON","Devon, West & Torridge",1987-01-01,1997-01-01,"blue","emmanicholson",30
"Rt Hon Dame Dawn PRIMAROLO","Bristol South",1987-01-01,2020-01-01,"red","dawnprimarolo",31
"Rt Hon Dame Joan RUDDOCK","Lewisham, Deptford",1987-01-01,2015-03-30,"red","joanruddock",32
"Rt Hon Gillian SHEPHARD","South West Norfolk",1987-01-01,2005-01-01,"blue","gillianshephard",33
"Ms Joan WALLEY","Stoke-on-Trent North",1987-01-01,2015-03-30,"red","joanwalley",34
"Miss Joan LESTOR","Eccles",1987-01-01,1997-01-01,"red","joanlestor",35
"Audrey WISE","Preston",1987-01-01,2000-01-01,"red","audreywise",36
"Mrs Margaret BAIN","Moray",1987-01-01,2001-01-01,"yellow","margaretbain",37
"Rt Hon Ann TAYLOR","Dewsbury",1987-01-01,2005-01-01,"red","anntaylor",38
"Miss Kate HOEY","Vauxhall",1989-01-01,2020-01-01,"red","katehoey",39
"Mrs Sylvia HEAL","Mid-Staffordshire",1990-01-01,1992-01-01,"red","sylviaheal",40
"Irene ADAMS","Paisley North",1990-01-01,2005-01-01,"red","ireneadams",41
"Janet ANDERSON","Rossendale & Darwen",1992-01-01,2010-01-01,"red","janetanderson",2
"Mrs Anne CAMPBELL","Cambridge",1992-01-01,2005-01-01,"red","annecampbell",3
"Mrs Judith CHAPLIN","Newbury",1992-01-01,1993-01-01,"blue","judithchaplin",7
"Ms Ann COFFEY","Stockport",1992-01-01,2020-01-01,"red","anncoffey",26
"Rt Hon Jean CORSTON","Bristol East",1992-01-01,2005-01-01,"red","jeancorston",40
"Angela EAGLE","Wallasey",1992-01-01,2020-01-01,"red","angelaeagle",42
"Rt Hon Cheryl GILLAN","Chesham & Amersham",1992-01-01,2020-01-01,"blue","cherylgillan",43
"Ms Glenda JACKSON","Hampstead & Highgate",1992-01-01,2010-01-01,"red","glendajackson",44
"Helen JACKSON","Sheffield, Hillsborough",1992-01-01,2005-01-01,"red","helenjackson",45
"Dr Lynne JONES","Birmingham, Selly Oak",1992-01-01,2010-01-01,"red","lynnejones",46
"Rt Hon Dame Tessa JOWELL","Dulwich",1992-01-01,1997-01-01,"red","tessajowell",47
"Mrs Angela KNIGHT","Erewash",1992-01-01,1997-01-01,"blue","angelaknight",48
"Mrs Jacqui LAIT","Hastings & Rye",1992-01-01,1997-01-01,"blue","jacquilait",49
"Ms Liz LYNNE","Rochdale",1992-01-01,1997-01-01,"orange","lizlynne",50
"Lady Olga MAITLAND","Sutton & Cheam",1992-01-01,1997-01-01,"blue","olgamaitland",51
"Rt Hon Estelle MORRIS","Birmingham, Yardley",1992-01-01,2005-01-01,"red","estellemorris",52
"Ms Bridget PRENTICE","Lewisham East",1992-01-01,2010-01-01,"red","bridgetprentice",53
"Mrs Barbara ROCHE","Hornsey & Wood Green",1992-01-01,2005-01-01,"red","barbararoche",54
"Mrs Diana MADDOCK","Christchurch",1993-01-01,1997-01-01,"orange","dianamaddock",7
"Ms Judith CHURCH","Dagenham",1994-01-01,2001-01-01,"red","judithchurch",5
"Rt Hon Margaret HODGE","Barking",1994-01-01,2020-01-01,"red","margarethodge",55
"Rt Hon Helen LIDDELL","Monklands East",1994-01-01,1997-01-01,"red","helenliddell",56
"Ms  Candy ATHERTON","Falmouth and Camborne",1997-01-01,2005-01-01,"red","candyatherton",1
"Ms Charlotte ATKINS","Staffordshire Moorlands",1997-01-01,2010-01-01,"red","charlotteatkins",4
"Mrs Jackie BALLARD","Taunton",1997-01-01,2001-01-01,"orange","jackieballard",6
"Dame Anne BEGG","Aberdeen South",1997-01-01,2015-03-30,"red","annebegg",7
"Mrs Liz BLACKMAN","Erewash",1997-01-01,2010-01-01,"red","lizblackman",8
"Rt Hon Hazel BLEARS","Salford",1997-01-01,2010-01-01,"red","hazelblears",9
"Mrs Helen BRINTON","Peterborough",1997-01-01,2005-01-01,"red","helenbrinton",12
"Ms Karen BUCK","Regent's Park and Kensington North",1997-01-01,2010-01-01,"red","karenbuck",15
"Mrs Christine BUTLER","Castle Point",1997-01-01,2001-01-01,"red","christinebutler",20
"Dr Lynda CLARK, QC","Edinburgh, Pentlands",1997-01-01,2005-01-01,"red","lyndaclarkqc",21
"Rt Hon Yvette COOPER","Pontefract and Castleford",1997-01-01,2010-01-01,"red","yvettecooper",30
"Mrs Ann CRYER","Keighley",1997-01-01,2010-01-01,"red","anncryer",35
"Ms Claire CURTIS-THOMAS","Crosby",1997-01-01,2010-01-01,"red","clairecurtisthomas",47
"Valerie DAVEY","Bristol West",1997-01-01,2005-01-01,"red","valeriedavey",48
"Mrs Janet DEAN","Burton",1997-01-01,2010-01-01,"red","janetdean",49
"Julia DROWN","South Swindon",1997-01-01,2005-01-01,"red","juliadrown",50
"Maria EAGLE","Liverpool, Garston",1997-01-01,2010-01-01,"red","mariaeagle",51
"Mrs Louise ELLMAN","Liverpool, Riverside",1997-01-01,2020-01-01,"red","louiseellman",56
"Ms Lorna FITZSIMONS","Rochdale",1997-01-01,2005-01-01,"red","lornafitzsimons",57
"Rt Hon Caroline FLINT","Don Valley",1997-01-01,2020-01-01,"red","carolineflint",58
"Ms Barbara FOLLETT","Stevenage",1997-01-01,2010-01-01,"red","barbarafollett",59
"Mrs Linda GILROY","Plymouth, Sutton",1997-01-01,2010-01-01,"red","lindagilroy",60
"Eileen GORDON","Romford",1997-01-01,2001-01-01,"red","eileengordon",61
"Jane GRIFFITHS","Reading East",1997-01-01,2005-01-01,"red","janegriffiths",62
"Rt Hon Patricia HEWITT","Leicester West",1997-01-01,2010-01-01,"red","patriciahewitt",63
"Rt Hon Beverley HUGHES","Stretford and Urmston",1997-01-01,2010-01-01,"red","beverleyhughes",64
"Mrs Joan HUMBLE","Blackpool North and Fleetwood",1997-01-01,2010-01-01,"red","joanhumble",65
"Miss Melanie JOHNSON","Welwyn Hatfield",1997-01-01,2005-01-01,"red","melaniejohnson",66
"Mrs Fiona JONES","Newark",1997-01-01,2001-01-01,"red","fionajones",67
"Helen JONES","Warrington North",1997-01-01,2020-01-01,"red","helenjones",68
"Ms Jenny JONES","Wolverhampton South West",1997-01-01,2001-01-01,"red","jennyjones",69
"Ms Sally KEEBLE","Northampton North",1997-01-01,2010-01-01,"red","sallykeeble",70
"Ann KEEN","Brentford and Isleworth",1997-01-01,2010-01-01,"red","annkeen",71
"Rt Hon Ruth KELLY","Bolton West",1997-01-01,2010-01-01,"red","ruthkelly",72
"Ms Oona KING","Bethnal Green and Bow",1997-01-01,2005-01-01,"red","oonaking",73
"Ms Tess KINGHAM","Gloucester",1997-01-01,2001-01-01,"red","tesskingham",74
"Miss Julie KIRKBRIDE","Bromsgrove",1997-01-01,2010-01-01,"blue","juliekirkbride",75
"Mrs Eleanor LAING","Epping Forest",1997-01-01,2020-01-01,"blue","eleanorlaing",76
"Ms Jackie LAWRENCE","Preseli Pembrokeshire",1997-01-01,2005-01-01,"red","jackielawrence",77
"Fiona MACTAGGART","Slough",1997-01-01,2020-01-01,"red","fionamactaggart",78
"Judy MALLABER","Amber Valley",1997-01-01,2010-01-01,"red","judymallaber",79
"Rt Hon Theresa MAY","Maidenhead",1997-01-01,2020-01-01,"blue","theresamay",80
"Ms Chris McCAFFERTY","Calder Valley",1997-01-01,2010-01-01,"red","chrismccafferty",81
"Ms Siobhain McDONAGH","Mitcham and Morden",1997-01-01,2020-01-01,"red","siobhainmcdonagh",82
"Rt Hon Anne McGUIRE","Stirling",1997-01-01,2015-03-30,"red","annemcguire",83
"Anne McINTOSH","Vale of York",1997-01-01,2010-01-01,"blue","annemcintosh",84
"Shona McISAAC","Cleethorpes",1997-01-01,2010-01-01,"red","shonamcisaac",85
"Ms Gillian MERRON","Lincoln",1997-01-01,2010-01-01,"red","gillianmerron",86
"Laura MOFFATT","Crawley",1997-01-01,2010-01-01,"red","lauramoffatt",87
"Ms Margaret MORAN","Luton South",1997-01-01,2010-01-01,"red","margaretmoran",88
"Ms Julie MORGAN","Cardiff North",1997-01-01,2010-01-01,"red","juliemorgan",89
"Ms Kali MOUNTFORD","Colne Valley",1997-01-01,2010-01-01,"red","kalimountford",90
"Mrs Diana ORGAN","Forest of Dean",1997-01-01,2005-01-01,"red","dianaorgan",91
"Ms Sandra OSBORNE","Ayr",1997-01-01,2005-01-01,"red","sandraosborne",92
"Ms Linda PERHAM","Ilford North",1997-01-01,2005-01-01,"red","lindaperham",93
"Christine RUSSELL","Chester, City of",1997-01-01,2010-01-01,"red","christinerussell",94
"Joan RYAN","Enfield North",1997-01-01,2010-01-01,"red","joanryan",95
"Ms Debra SHIPLEY","Stourbridge",1997-01-01,2005-01-01,"red","debrashipley",96
"Rt Hon Angela E SMITH","Basildon",1997-01-01,2010-01-01,"red","angelaesmith",97
"Miss Geraldine SMITH","Morecambe and Lunesdale",1997-01-01,2010-01-01,"red","geraldinesmith",98
"Rt Hon Jacqui SMITH","Redditch",1997-01-01,2010-01-01,"red","jacquismith",99
"Ms Helen SOUTHWORTH","Warrington South",1997-01-01,2010-01-01,"red","helensouthworth",100
"Rt Hon Caroline SPELMAN","Meriden",1997-01-01,2020-01-01,"blue","carolinespelman",101
"Dr Phyllis STARKEY","Milton Keynes South West",1997-01-01,2010-01-01,"red","phyllisstarkey",102
"Ms Gisela STUART","Birmingham, Edgbaston",1997-01-01,2020-01-01,"red","giselastuart",103
"Ms Dari TAYLOR","Stockton South",1997-01-01,2010-01-01,"red","daritaylor",104
"Dr Jenny TONGE","Richmond Park",1997-01-01,2005-01-01,"orange","jennytonge",105
"Ms Claire WARD","Watford",1997-01-01,2010-01-01,"red","claireward",106
"Mrs Betty WILLIAMS","Conwy",1997-01-01,2010-01-01,"red","bettywilliams",107
"Rt Hon Rosie WINTERTON","Doncaster Central",1997-01-01,2020-01-01,"red","rosiewinterton",108
"Rt Hon Harriet HARMAN","Camberwell & Peckham",1997-01-01,2020-01-01,"red","harrietharman",109
"Rt Hon Joyce QUIN","Gateshead East and Washington West",1997-01-01,2005-01-01,"red","joycequin",110
"Rt Hon Ann WIDDECOMBE","Maidstone and the Weald",1997-01-01,2010-01-01,"blue","annwiddecombe",111
"Mrs Sylvia HEAL","Halesowen and Rowley Regis",1997-01-01,2010-01-01,"red","sylviaheal",112
"Mrs Angela BROWNING","Tiverton & Honiton",1997-01-01,2010-01-01,"blue","angelabrowning",113
"Rt Hon Dame Tessa JOWELL","Dulwich & West Norwood",1997-01-01,2020-01-01,"red","tessajowell",114
"Rt Hon Jane KENNEDY","Liverpool Wavertree",1997-01-01,2010-01-01,"red","janekennedy",115
"Mrs Jacqui LAIT","Beckenham",1997-01-01,2010-01-01,"blue","jacquilait",116
"Rt Hon Helen LIDDELL","Airdrie and Shotts",1997-01-01,2005-01-01,"red","helenliddell",117
"Ms Roseanna CUNNINGHAM","Perth",1997-01-01,2001-01-01,"yellow","roseannacunningham",118
"Sandra GIDLEY","Romsey",2000-01-01,2010-01-01,"orange","sandragidley",36
"Vera BAIRD","Redcar",2001-01-01,2010-01-01,"red","verabaird",5
"Annette BROOKE","Mid Dorset & North Poole",2001-01-01,2015-03-30,"orange","annettebrooke",6
"Patsy CALTON","Cheadle",2001-01-01,2005-01-01,"orange","patsycalton",17
"Sue DOUGHTY","Guildford",2001-01-01,2005-01-01,"orange","suedoughty",20
"Annabelle EWING","Perth",2001-01-01,2005-01-01,"yellow","annabelleewing",24
"Michelle GILDERNEW","Fermanagh & South Tyrone",2001-01-01,2015-03-30,"black","michellegildernew",25
"Lady Sylvia HERMON","North Down",2001-01-01,2020-01-01,"black","sylviahermon",28
"Ann McKECHIN","Glasgow Maryhill",2001-01-01,2005-01-01,"red","annmckechin",29
"Meg MUNN","Sheffield, Heeley",2001-01-01,2015-03-30,"red","megmunn",37
"Anne PICKING (2005 = Moffat)","East Lothian",2001-01-01,2010-01-01,"red","annepicking(2005=moffat)",61
"Iris ROBINSON","Strangford",2001-01-01,2010-01-01,"black","irisrobinson",67
"Angela WATKINSON","Upminster",2001-01-01,2010-01-01,"blue","angelawatkinson",69
"Sarah TEATHER","Brent East",2003-01-01,2010-01-01,"orange","sarahteather",74
"Celia BARLOW","Hove",2005-01-01,2010-01-01,"red","celiabarlow",1
"Roberta BLACKMAN-WOODS","Durham, City of",2005-01-01,2020-01-01,"red","robertablackmanwoods",3
"Lyn BROWN","West Ham",2005-01-01,2020-01-01,"red","lynbrown",10
"Lorely BURT","Solihull",2005-01-01,2020-01-01,"orange","lorelyburt",12
"Dawn BUTLER","Brent South (2005-10)",2005-01-01,2010-01-01,"red","dawnbutler",17
"Katy CLARK","North Ayrshire and Arran",2005-01-01,2015-03-30,"red","katyclark",20
"Rosie COOPER","West Lancashire",2005-01-01,2020-01-01,"red","rosiecooper",21
"Mary CREAGH","Wakefield",2005-01-01,2020-01-01,"red","marycreagh",22
"Nadine DORRIES","Mid Bedfordshire",2005-01-01,2020-01-01,"blue","nadinedorries",24
"Natascha ENGEL","North East Derbyshire",2005-01-01,2020-01-01,"red","nataschaengel",27
"Lynne FEATHERSTONE","Hornsey and Wood Green",2005-01-01,2020-01-01,"orange","lynnefeatherstone",29
"Julia GOLDSWORTHY","Falmouth & Camborne",2005-01-01,2010-01-01,"orange","juliagoldsworthy",33
"Helen GOODMAN","Bishop Auckland",2005-01-01,2020-01-01,"red","helengoodman",38
"Rt Hon Justine GREENING","Putney",2005-01-01,2020-01-01,"blue","justinegreening",40
"Nia GRIFFITH","Llanelli",2005-01-01,2020-01-01,"red","niagriffith",41
"Meg HILLIER","Hackney South and Shoreditch",2005-01-01,2020-01-01,"red","meghillier",45
"Sharon HODGSON","Gateshead East & Washington West",2005-01-01,2010-01-01,"red","sharonhodgson",48
"Sian C JAMES","Swansea East",2005-01-01,2015-03-30,"red","siancjames",50
"Diana R JOHNSON","Kingston upon Hull North",2005-01-01,2020-01-01,"red","dianarjohnson",52
"Barbara KEELEY","Worsley",2005-01-01,2010-01-01,"red","barbarakeeley",54
"Susan KRAMER","Richmond Park",2005-01-01,2010-01-01,"orange","susankramer",57
"Kerry McCARTHY","Bristol East",2005-01-01,2020-01-01,"red","kerrymccarthy",62
"Sarah McCARTHY-FRY","Portsmouth North",2005-01-01,2010-01-01,"red","sarahmccarthyfry",66
"Anne MAIN","St Albans",2005-01-01,2020-01-01,"blue","annemain",73
"Rt Hon Maria MILLER","Basingstoke",2005-01-01,2020-01-01,"blue","mariamiller",77
"Anne MILTON","Guildford",2005-01-01,2020-01-01,"blue","annemilton",91
"Madeleine MOON","Bridgend",2005-01-01,2020-01-01,"red","madeleinemoon",92
"Jessica MORDEN","Newport East",2005-01-01,2020-01-01,"red","jessicamorden",93
"Linda RIORDAN","Halifax",2005-01-01,2015-03-30,"red","lindariordan",96
"Alison SEABECK","Plymouth, Devonport",2005-01-01,2010-01-01,"red","alisonseabeck",105
"Angela C SMITH","Sheffield, Hillsborough",2005-01-01,2010-01-01,"red","angelacsmith",110
"Anne SNELGROVE","South Swindon",2005-01-01,2010-01-01,"red","annesnelgrove",117
"Jo SWINSON","East Dunbartonshire",2005-01-01,2015-03-30,"orange","joswinson",118
"Emily THORNBERRY","Islington South & Finsbury",2005-01-01,2020-01-01,"red","emilythornberry",119
"Kitty USSHER","Burnley",2005-01-01,2010-01-01,"red","kittyussher",120
"Rt Hon Theresa VILLIERS","Chipping Barnet",2005-01-01,2020-01-01,"blue","theresavilliers",121
"Lynda WALTHO","Stourbridge",2005-01-01,2010-01-01,"red","lyndawaltho",122
"Jenny WILLOTT","Cardiff Central",2005-01-01,2015-03-30,"orange","jennywillott",123
"Ms Rachel SQUIRE","Dunfermline and West Fife",2005-01-01,2006-01-01,"red","rachelsquire",124
"Mrs Rosemary McKENNA, CBE","Cumbernauld, Kilsyth and Kirkintilloch East",2005-01-01,2010-01-01,"red","rosemarymckennacbe",125
"Ms Sandra OSBORNE","Ayr, Carrick and Cumnock",2005-01-01,2015-03-30,"red","sandraosborne",126
"Ann McKECHIN","Glasgow North",2005-01-01,2015-03-30,"red","annmckechin",127
"Chloe SMITH","Norwich North",2009-01-01,2020-01-01,"blue","chloesmith",18
"Heidi ALEXANDER","Lewisham East",2010-01-01,2020-01-01,"red","heidialexander",1
"Rushanara ALI","Bethnal Green and Bow",2010-01-01,2020-01-01,"red","rushanaraali",2
"Ms Louise BAGSHAWE","Corby",2010-01-01,2012-01-01,"blue","louisebagshawe",4
"Harriett BALDWIN","West Worcestershire",2010-01-01,2020-01-01,"blue","harriettbaldwin",5
"Luciana BERGER","Liverpool, Wavertree",2010-01-01,2020-01-01,"red","lucianaberger",8
"Nicola BLACKWOOD","Oxford West and Abingdon",2010-01-01,2020-01-01,"blue","nicolablackwood",9
"Karen BRADLEY","Staffordshire Moorlands",2010-01-01,2020-01-01,"blue","karenbradley",11
"Angie BRAY","Ealing Central and Acton",2010-01-01,2015-03-30,"blue","angiebray",13
"Fiona BRUCE","Congleton",2010-01-01,2020-01-01,"blue","fionabruce",15
"Mrs Jenny CHAPMAN","Darlington",2010-01-01,2020-01-01,"red","jennychapman",16
"Dr Thérèse COFFEY","Suffolk Coastal",2010-01-01,2020-01-01,"blue","theresecoffey",17
"Stella CREASY","Walthamstow",2010-01-01,2020-01-01,"red","stellacreasy",30
"Tracey CROUCH","Chatham and Aylesford",2010-01-01,2020-01-01,"blue","traceycrouch",33
"Margaret CURRAN","Glasgow East",2010-01-01,2015-03-30,"red","margaretcurran",35
"Gloria DE PIERO","Ashfield",2010-01-01,2020-01-01,"red","gloriadepiero",36
"Caroline DINENAGE","Gosport",2010-01-01,2020-01-01,"blue","carolinedinenage",44
"Gemma DOYLE","West Dunbartonshire",2010-01-01,2015-03-30,"red","gemmadoyle",46
"Jackie DOYLE-PRICE","Thurrock",2010-01-01,2020-01-01,"blue","jackiedoyleprice",47
"Julie ELLIOTT","Sunderland Central",2010-01-01,2020-01-01,"red","julieelliott",48
"Jane ELLISON","Battersea",2010-01-01,2020-01-01,"blue","janeellison",49
"Yvonne FOVARGUE","Makerfield",2010-01-01,2020-01-01,"red","yvonnefovargue",51
"Lorraine FULLBROOK","South Ribble",2010-01-01,2015-03-30,"blue","lorrainefullbrook",53
"Sheila GILMORE","Edinburgh East",2010-01-01,2015-03-30,"red","sheilagilmore",54
"Pat GLASS","North West Durham",2010-01-01,2020-01-01,"red","patglass",57
"Mrs Mary GLINDON","North Tyneside",2010-01-01,2020-01-01,"red","maryglindon",59
"Mrs Helen GRANT","Maidstone and The Weald",2010-01-01,2020-01-01,"blue","helengrant",60
"Kate GREEN","Stretford and Urmston",2010-01-01,2020-01-01,"red","kategreen",61
"Lilian GREENWOOD","Nottingham South",2010-01-01,2020-01-01,"red","liliangreenwood",63
"Rebecca HARRIS","Castle Point",2010-01-01,2020-01-01,"blue","rebeccaharris",64
"Julie HILLING","Bolton West",2010-01-01,2015-03-30,"red","juliehilling",65
"Margot JAMES","Stourbridge",2010-01-01,2020-01-01,"blue","margotjames",66
"Cathy JAMIESON","Kilmarnock and Loudoun",2010-01-01,2015-03-30,"red","cathyjamieson",67
"Susan Elan JONES","Clwyd South",2010-01-01,2020-01-01,"red","susanelanjones",69
"Liz KENDALL","Leicester West",2010-01-01,2020-01-01,"red","lizkendall",70
"Pauline LATHAM","Mid Derbyshire",2010-01-01,2020-01-01,"blue","paulinelatham",71
"Andrea LEADSOM","South Northamptonshire",2010-01-01,2020-01-01,"blue","andrealeadsom",72
"Jessica LEE","Erewash",2010-01-01,2015-03-30,"blue","jessicalee",74
"Charlotte LESLIE","Bristol North West",2010-01-01,2020-01-01,"blue","charlotteleslie",75
"Naomi LONG","Belfast East",2010-01-01,2015-03-30,"black","naomilong",79
"Caroline LUCAS","Brighton, Pavilion",2010-01-01,2020-01-01,"green","carolinelucas",81
"Karen LUMLEY","Redditch",2010-01-01,2020-01-01,"blue","karenlumley",84
"Mary MACLEOD","Brentford and Isleworth",2010-01-01,2015-03-30,"blue","marymacleod",85
"Shabana MAHMOOD","Birmingham, Ladywood",2010-01-01,2020-01-01,"red","shabanamahmood",86
"Alison MCGOVERN","Wirral South",2010-01-01,2020-01-01,"red","alisonmcgovern",87
"Catherine MCKINNELL","Newcastle upon Tyne North",2010-01-01,2020-01-01,"red","catherinemckinnell",88
"Rt Hon Esther MCVEY","Wirral West",2010-01-01,2015-03-30,"blue","esthermcvey",89
"Penny MORDAUNT","Portsmouth North",2010-01-01,2020-01-01,"blue","pennymordaunt",90
"Rt Hon Nicky MORGAN","Loughborough",2010-01-01,2020-01-01,"blue","nickymorgan",94
"Anne Marie MORRIS","Newton Abbot",2010-01-01,2020-01-01,"blue","annemariemorris",95
"Tessa MUNT","Wells",2010-01-01,2015-03-30,"orange","tessamunt",97
"Sheryll MURRAY","South East Cornwall",2010-01-01,2020-01-01,"blue","sheryllmurray",98
"Lisa NANDY","Wigan",2010-01-01,2020-01-01,"red","lisanandy",99
"Pamela NASH","Airdrie and Shotts",2010-01-01,2015-03-30,"red","pamelanash",100
"Sarah NEWTON","Truro and Falmouth",2010-01-01,2020-01-01,"blue","sarahnewton",102
"Caroline NOKES","Romsey and Southampton North",2010-01-01,2020-01-01,"blue","carolinenokes",104
"Fiona O’DONNELL","East Lothian",2010-01-01,2015-03-30,"red","fionaodonnell",105
"Chi ONWURAH","Newcastle upon Tyne Central",2010-01-01,2020-01-01,"red","chionwurah",106
"Priti PATEL","Witham",2010-01-01,2020-01-01,"blue","pritipatel",107
"Teresa PEARCE","Erith and Thamesmead",2010-01-01,2020-01-01,"red","teresapearce",110
"Claire PERRY","Devizes",2010-01-01,2020-01-01,"blue","claireperry",111
"Bridget PHILLIPSON","Houghton and Sunderland South",2010-01-01,2020-01-01,"red","bridgetphillipson",112
"Yasmin QURESHI","Bolton South East",2010-01-01,2020-01-01,"red","yasminqureshi",113
"Rachel REEVES","Leeds West",2010-01-01,2020-01-01,"red","rachelreeves",115
"Emma REYNOLDS","Wolverhampton North East",2010-01-01,2020-01-01,"red","emmareynolds",116
"Ms Margaret RITCHIE","South Down",2010-01-01,2020-01-01,"black","margaretritchie",117
"Amber RUDD","Hastings and Rye",2010-01-01,2020-01-01,"blue","amberrudd",120
"Laura SANDYS","South Thanet",2010-01-01,2015-03-30,"blue","laurasandys",122
"Anna SOUBRY","Broxtowe",2010-01-01,2020-01-01,"blue","annasoubry",124
"Rt Hon Elizabeth TRUSS","South West Norfolk",2010-01-01,2020-01-01,"blue","elizabethtruss",125
"Valerie VAZ","Walsall South",2010-01-01,2020-01-01,"red","valerievaz",128
"Heather WHEELER","South Derbyshire",2010-01-01,2020-01-01,"blue","heatherwheeler",129
"Dr Eilidh WHITEFORD","Banff and Buchan",2010-01-01,2020-01-01,"yellow","eilidhwhiteford",130
"Dr Sarah WOLLASTON","Totnes",2010-01-01,2020-01-01,"blue","sarahwollaston",131
"Ms Glenda JACKSON","Hampstead and Kilburn",2010-01-01,2015-03-30,"red","glendajackson",132
"Rt Hon Hazel BLEARS","Salford and Eccles",2010-01-01,2015-03-30,"red","hazelblears",133
"Ms Karen BUCK","Westminster North",2010-01-01,2020-01-01,"red","karenbuck",134
"Rt Hon Yvette COOPER","Normanton, Pontefract and Castleford",2010-01-01,2020-01-01,"red","yvettecooper",135
"Maria EAGLE","Garston and Halewood",2010-01-01,2020-01-01,"red","mariaeagle",136
"Anne McINTOSH","Thirsk And Malton",2010-01-01,2020-01-01,"blue","annemcintosh",137
"Angela WATKINSON","Hornchurch and Upminster",2010-01-01,2020-01-01,"blue","angelawatkinson",138
"Sarah TEATHER","Brent Central",2010-01-01,2015-03-30,"orange","sarahteather",139
"Sharon HODGSON","Washington and Sunderland West",2010-01-01,2020-01-01,"red","sharonhodgson",140
"Barbara KEELEY","Worsley and Eccles South",2010-01-01,2020-01-01,"red","barbarakeeley",141
"Alison SEABECK","Plymouth, Moor View",2010-01-01,2015-03-30,"red","alisonseabeck",142
"Angela C SMITH","Penistone and Stocksbridge",2010-01-01,2020-01-01,"red","angelacsmith",143
"Debbie ABRAHAMS","Oldham East and Saddleworth",2011-01-01,2020-01-01,"red","debbieabrahams",144
"Seema MALHOTRA","Feltham and Heston",2011-01-01,2020-01-01,"red","seemamalhotra",145
"Lucy POWELL","Manchester Central",2012-01-01,2020-01-01,"red","lucypowell",4
"Sarah CHAMPION","Rotherham",2012-01-01,2020-01-01,"red","sarahchampion",146
"Emma LEWELL-BUCK","South Shields",2013-01-01,2020-01-01,"red","emmalewellbuck",147
"Liz MCINNES","Heywood and Middleton",2014-01-01,2020-01-01,"red","lizmcinnes",148
"Tasmina AHMED-SHEIKH","Ochil and South Perthshire",2015-01-01,2020-01-01,"yellow","tasminaahmedsheikh",149
"Lucy ALLAN","Telford",2015-01-01,2020-01-01,"blue","lucyallan",150
"Heidi ALLEN","South Cambridgeshire",2015-01-01,2020-01-01,"blue","heidiallen",151
"Caroline ANSELL","Eastbourne",2015-01-01,2020-01-01,"blue","carolineansell",152
"Victoria ATKINS","Louth and Horncastle",2015-01-01,2020-01-01,"blue","victoriaatkins",153
"Hannah BARDELL","Livingston",2015-01-01,2020-01-01,"yellow","hannahbardell",154
"Mhairi BLACK","Paisley and Renfrewshire South",2015-01-01,2020-01-01,"yellow","mhairiblack",155
"Kirsty BLACKMAN","Aberdeen North",2015-01-01,2020-01-01,"yellow","kirstyblackman",156
"Victoria BORWICK","Kensington",2015-01-01,2020-01-01,"blue","victoriaborwick",157
"Deidre BROCK","Edinburgh North and Leith",2015-01-01,2020-01-01,"yellow","deidrebrock",158
"Ruth CADBURY","Brentford and Isleworth",2015-01-01,2020-01-01,"red","ruthcadbury",159
"Lisa CAMERON","East Kilbride, Strathaven and Lesmahagow",2015-01-01,2020-01-01,"yellow","lisacameron",160
"Maria CAULFIELD","Lewes",2015-01-01,2020-01-01,"blue","mariacaulfield",161
"Joanna CHERRY","Edinburgh South West",2015-01-01,2020-01-01,"yellow","joannacherry",162
"Jo CHURCHILL","Bury St Edmunds",2015-01-01,2020-01-01,"blue","jochurchill",163
"Julie COOPER","Burnley",2015-01-01,2020-01-01,"red","juliecooper",164
"Jo COX","Batley and Spen",2015-01-01,2016-01-01,"red","jocox",165
"Angela CRAWLEY","Lanark and Hamilton East",2015-01-01,2020-01-01,"yellow","angelacrawley",166
"Judith CUMMINS","Bradford South",2015-01-01,2020-01-01,"red","judithcummins",167
"Mims DAVIES","Eastleigh",2015-01-01,2020-01-01,"blue","mimsdavies",168
"Thangam DEBBONAIRE","Bristol West",2015-01-01,2020-01-01,"red","thangamdebbonaire",169
"Michelle DONELAN","Chippenham",2015-01-01,2020-01-01,"blue","michelledonelan",170
"Flick DRUMMOND","Portsmouth South",2015-01-01,2020-01-01,"blue","flickdrummond",171
"Marion FELLOWS","Motherwell and Wishaw",2015-01-01,2020-01-01,"yellow","marionfellows",172
"Suella FERNANDES","Fareham",2015-01-01,2020-01-01,"blue","suellafernandes",173
"Margaret FERRIER","Rutherglen and Hamilton West",2015-01-01,2020-01-01,"yellow","margaretferrier",174
"Colleen FLETCHER","Coventry North East",2015-01-01,2020-01-01,"red","colleenfletcher",175
"Vicky FOXCROFT","Lewisham, Deptford",2015-01-01,2020-01-01,"red","vickyfoxcroft",176
"Lucy FRAZER","South East Cambridgeshire",2015-01-01,2020-01-01,"blue","lucyfrazer",177
"Nusrat GHANI","Wealden",2015-01-01,2020-01-01,"blue","nusratghani",178
"Patricia GIBSON","North Ayrshire and Arran",2015-01-01,2020-01-01,"yellow","patriciagibson",179
"Margaret GREENWOOD","Wirral West",2015-01-01,2020-01-01,"red","margaretgreenwood",180
"Louise HAIGH","Sheffield, Heeley",2015-01-01,2020-01-01,"red","louisehaigh",181
"Carolyn HARRIS","Swansea East",2015-01-01,2020-01-01,"red","carolynharris",182
"Helen HAYES","Dulwich and West Norwood",2015-01-01,2020-01-01,"red","helenhayes",183
"Sue HAYMAN","Workington",2015-01-01,2020-01-01,"red","suehayman",184
"Kate HOLLERN","Blackburn",2015-01-01,2020-01-01,"red","katehollern",185
"Rupa HUQ","Ealing Central and Acton",2015-01-01,2020-01-01,"red","rupahuq",186
"Andrea  JENKYNS","Morley and Outwood",2015-01-01,2020-01-01,"blue","andreajenkyns",187
"Seema KENNEDY","South Ribble",2015-01-01,2020-01-01,"blue","seemakennedy",188
"Rebecca LONG BAILEY","Salford and Eccles",2015-01-01,2020-01-01,"red","rebeccalongbailey",189
"Holly LYNCH","Halifax",2015-01-01,2020-01-01,"red","hollylynch",190
"Rachael MASKELL","York Central",2015-01-01,2020-01-01,"red","rachaelmaskell",191
"Tania MATHIAS","Twickenham",2015-01-01,2020-01-01,"blue","taniamathias",192
"Natalie McGARRY","Glasgow East",2015-01-01,2020-01-01,"yellow","nataliemcgarry",193
"Anne McLAUGHLIN","Glasgow North East",2015-01-01,2020-01-01,"yellow","annemclaughlin",194
"Amanda MILLING","Cannock Chase",2015-01-01,2020-01-01,"blue","amandamilling",195
"Carol MONAGHAN","Glasgow North West",2015-01-01,2020-01-01,"yellow","carolmonaghan",196
"Wendy MORTON","Aldridge-Brownhills",2015-01-01,2020-01-01,"blue","wendymorton",197
"Melanie ONN","Great Grimsby",2015-01-01,2020-01-01,"red","melanieonn",198
"Kate OSAMOR","Edmonton",2015-01-01,2020-01-01,"red","kateosamor",199
"Kirsten OSWALD","East Renfrewshire",2015-01-01,2020-01-01,"yellow","kirstenoswald",200
"Jess PHILLIPS","Birmingham, Yardley",2015-01-01,2020-01-01,"red","jessphillips",201
"Rebecca POW","Taunton Deane",2015-01-01,2020-01-01,"blue","rebeccapow",202
"Victoria PRENTIS","Banbury",2015-01-01,2020-01-01,"blue","victoriaprentis",203
"Angela RAYNER","Ashton-Under-Lyne",2015-01-01,2020-01-01,"red","angelarayner",204
"Christina REES","Neath",2015-01-01,2020-01-01,"red","christinarees",205
"Marie RIMMER","St Helens South and Whiston",2015-01-01,2020-01-01,"red","marierimmer",206
"Mary ROBINSON","Cheadle",2015-01-01,2020-01-01,"blue","maryrobinson",207
"Antoinette SANDBACH","Eddisbury",2015-01-01,2020-01-01,"blue","antoinettesandbach",208
"Liz SAVILLE-ROBERTS","Dwyfor Meirionnydd",2015-01-01,2020-01-01,"black","lizsavilleroberts",209
"Naz SHAH","Bradford West",2015-01-01,2020-01-01,"red","nazshah",210
"Paula SHERRIFF","Dewsbury",2015-01-01,2020-01-01,"red","paulasherriff",211
"Tulip SIDDIQ","Hampstead and Kilburn",2015-01-01,2020-01-01,"red","tulipsiddiq",212
"Ruth SMEETH","Stoke-On-Trent North",2015-01-01,2020-01-01,"red","ruthsmeeth",213
"Cat SMITH","Lancaster and Fleetwood",2015-01-01,2020-01-01,"red","catsmith",214
"Karin SMYTH","Bristol South",2015-01-01,2020-01-01,"red","karinsmyth",215
"Amanda SOLLOWAY","Derby North",2015-01-01,2020-01-01,"blue","amandasolloway",216
"Jo STEVENS","Cardiff Central",2015-01-01,2020-01-01,"red","jostevens",217
"Alison THEWLISS","Glasgow Central",2015-01-01,2020-01-01,"yellow","alisonthewliss",218
"Michelle THOMSON","Edinburgh West",2015-01-01,2020-01-01,"yellow","michellethomson",219
"Maggie THROUP","Erewash",2015-01-01,2020-01-01,"blue","maggiethroup",220
"Kelly TOLHURST","Rochester and Strood",2015-01-01,2020-01-01,"blue","kellytolhurst",221
"Anne-Marie TREVELYAN","Berwick-Upon-Tweed",2015-01-01,2020-01-01,"blue","annemarietrevelyan",222
"Anna TURLEY","Redcar",2015-01-01,2020-01-01,"red","annaturley",223
"Catherine WEST","Hornsey and Wood Green",2015-01-01,2020-01-01,"red","catherinewest",224
"Helen WHATELY","Faversham and Mid Kent",2015-01-01,2020-01-01,"blue","helenwhately",225
"Philippa WHITFORD","Central Ayrshire",2015-01-01,2020-01-01,"yellow","philippawhitford",226
"Corri WILSON","Ayr, Carrick and Cumnock",2015-01-01,2020-01-01,"yellow","corriwilson",227
"Dawn BUTLER","Brent Central",2015-01-01,2020-01-01,"red","dawnbutler",228
"Gill FURNISS","Sheffield, Brightside and Hillsborough",2016-01-01,2020-01-01,"red","gillfurniss",6
"Dr Rosena ALLIN-KHAN","Tooting",2016-01-01,2020-01-01,"red","rosenaallinkhan",7
"Tracy Brabin","Batley and Spen",2016-01-01,2020-01-01,"red","tracybrabin",13
"Sarah Olney","Richmond Park",2016-01-01,2016-01-01,"orange","saraholney",20
"Caroline Johnson","Sleaford and North Hykeham",2016-01-01,2016-01-01,"blue","carolinejohnson",20
"Trudy Harrison","Copeland",2017-01-01,2017-01-01,"blue","trudyharrison",20
